Workbook

Sheet 集計結果
B2: 夏祭り屋台 売上集計
B3: 「貼り付け」シートに2台分のCSVを貼ると、ここに自動集計されます
B5: 総売上 | C5: =SUMIF(貼り付け!K:K,"有効",貼り付け!G:G)
B7: 窓口別の売上
B8: 窓口 | C8: 売上 | D8: 会計数
B9: フード | C9: =SUMIFS(貼り付け!G:G,貼り付け!K:K,"有効",貼り付け!C:C,"フード") | D9: =SUMPRODUCT((貼り付け!$K$2:$K$5000="有効")*(貼り付け!$C$2:$C$5000="フード")/COUNTIFS(貼り付け!$A$2:$A$5000,貼り付け!$A$2:$A$5000&""))
B10: ドリンク | C10: =SUMIFS(貼り付け!G:G,貼り付け!K:K,"有効",貼り付け!C:C,"ドリンク") | D10: =SUMPRODUCT((貼り付け!$K$2:$K$5000="有効")*(貼り付け!$C$2:$C$5000="ドリンク")/COUNTIFS(貼り付け!$A$2:$A$5000,貼り付け!$A$2:$A$5000&""))
B12: 検算（ここが合っていれば集計は正しい）
B13: 有効な会計の件数 | C13: =SUMPRODUCT((貼り付け!$K$2:$K$5000="有効")/COUNTIFS(貼り付け!$A$2:$A$5000,貼り付け!$A$2:$A$5000&""))
B14: 取消した会計の件数 | C14: =SUMPRODUCT((貼り付け!$K$2:$K$5000="取消")/COUNTIFS(貼り付け!$A$2:$A$5000,貼り付け!$A$2:$A$5000&""))
B15: 取消の合計額（売上に含まれません） | C15: =SUMIF(貼り付け!K:K,"取消",貼り付け!G:G)
B16: 読み込んだ明細行数 | C16: =COUNTA(貼り付け!A:A)-1
B18: ※ 各iPadの「履歴・集計」画面の総売上を足した金額と、上の総売上が一致するか必ず確認してください。

Sheet 商品別集計
B2: 商品別の売上
B3: 商品名をB列に入力すると、売れた個数と金額が出ます（取消は除外されます）
B5: 商品名 | C5: 売れた個数 | D5: 売上金額
B6: 焼きそば | C6: =SUMIFS(貼り付け!$F:$F,貼り付け!$K:$K,"有効",貼り付け!$D:$D,$B6) | D6: =SUMIFS(貼り付け!$G:$G,貼り付け!$K:$K,"有効",貼り付け!$D:$D,$B6)
B7: たこ焼き | C7: =SUMIFS(貼り付け!$F:$F,貼り付け!$K:$K,"有効",貼り付け!$D:$D,$B7) | D7: =SUMIFS(貼り付け!$G:$G,貼り付け!$K:$K,"有効",貼り付け!$D:$D,$B7)
B8: フランクフルト | C8: =SUMIFS(貼り付け!$F:$F,貼り付け!$K:$K,"有効",貼り付け!$D:$D,$B8) | D8: =SUMIFS(貼り付け!$G:$G,貼り付け!$K:$K,"有効",貼り付け!$D:$D,$B8)
B9: からあげ | C9: =SUMIFS(貼り付け!$F:$F,貼り付け!$K:$K,"有効",貼り付け!$D:$D,$B9) | D9: =SUMIFS(貼り付け!$G:$G,貼り付け!$K:$K,"有効",貼り付け!$D:$D,$B9)
B10: かき氷 | C10: =SUMIFS(貼り付け!$F:$F,貼り付け!$K:$K,"有効",貼り付け!$D:$D,$B10) | D10: =SUMIFS(貼り付け!$G:$G,貼り付け!$K:$K,"有効",貼り付け!$D:$D,$B10)
B11: 綿菓子 | C11: =SUMIFS(貼り付け!$F:$F,貼り付け!$K:$K,"有効",貼り付け!$D:$D,$B11) | D11: =SUMIFS(貼り付け!$G:$G,貼り付け!$K:$K,"有効",貼り付け!$D:$D,$B11)
B12: ラムネ | C12: =SUMIFS(貼り付け!$F:$F,貼り付け!$K:$K,"有効",貼り付け!$D:$D,$B12) | D12: =SUMIFS(貼り付け!$G:$G,貼り付け!$K:$K,"有効",貼り付け!$D:$D,$B12)
B13: お茶 | C13: =SUMIFS(貼り付け!$F:$F,貼り付け!$K:$K,"有効",貼り付け!$D:$D,$B13) | D13: =SUMIFS(貼り付け!$G:$G,貼り付け!$K:$K,"有効",貼り付け!$D:$D,$B13)
B14: ジュース | C14: =SUMIFS(貼り付け!$F:$F,貼り付け!$K:$K,"有効",貼り付け!$D:$D,$B14) | D14: =SUMIFS(貼り付け!$G:$G,貼り付け!$K:$K,"有効",貼り付け!$D:$D,$B14)
B15: ビール | C15: =SUMIFS(貼り付け!$F:$F,貼り付け!$K:$K,"有効",貼り付け!$D:$D,$B15) | D15: =SUMIFS(貼り付け!$G:$G,貼り付け!$K:$K,"有効",貼り付け!$D:$D,$B15)
B16: ノンアル | C16: =SUMIFS(貼り付け!$F:$F,貼り付け!$K:$K,"有効",貼り付け!$D:$D,$B16) | D16: =SUMIFS(貼り付け!$G:$G,貼り付け!$K:$K,"有効",貼り付け!$D:$D,$B16)
B17: 合計 | C17: =SUM(C6:C16) | D17: =SUM(D6:D16)
B19: ※ 黄色いセルは書き換えてOKです。当日メニューを変えた場合はここも合わせてください。
B20: ※ この合計と「集計結果」シートの総売上が一致すれば、商品名の書き漏れはありません。

Sheet 貼り付け
A1: 会計ID | B1: 顧客番号 | C1: 窓口 | D1: 商品名 | E1: 単価 | F1: 個数 | G1: 小計 | H1: 会計合計 | I1: 預かり | J1: お釣り | K1: 状態 | L1: 登録時刻
A2: food-2026-09-18T10:00:00.000Z-1-1 | B2: 1 | C2: フード | D2: 焼きそば | E2: 500 | F2: 2 | G2: 1000 | H2: 1400 | I2: 2000 | J2: 600 | K2: 有効 | L2: 2026/09/18 19:00
A4: ↑ この行は「こういう形で入ります」という見本です。CSVを貼る前に2行目ごと削除してください。
